<?xml version="1.0"?>
<!--
/**
 * 
 * Apoyar
 *
 * DISCLAIMER
 *
 * Please do not edit or add to this file if you wish to upgrade this extension to newer
 * version in the future.
 * 
 * @category   Apoyar
 * @package    Apoyar_ProductRules
 * @copyright  Copyright (c) 2023 Apoyar (http://www.apoyar.eu/)
 */
-->
<config xmlns:xsi="http://www.w3.org/2001/XMLSchema-instance" xsi:noNamespaceSchemaLocation="urn:magento:framework:Acl/etc/acl.xsd">
    <acl>
        <resources>
            <resource id="Magento_Backend::admin">
                <resource id="Magento_Backend::stores">
                    <resource id="Magento_Backend::stores_settings">
                        <resource id="Magento_Config::config">
                            <resource id="Apoyar_ProductRules::config"
                                      title="Product Rules Settings"
                                      sortOrder="40" />
                        </resource>
                    </resource>
                </resource>
            </resource>
        </resources>
    </acl>
</config>
