<?xml version="1.0"?>
<!--
/**
 * 
 * Apoyar
 *
 * DISCLAIMER
 *
 * Please do not edit or add to this file if you wish to upgrade this extension to newer
 * version in the future.
 * 
 * @category   Apoyar
 * @package    Apoyar_ProductRules
 * @copyright  Copyright (c) 2023 Apoyar (http://www.apoyar.eu/)
 */
-->
<config xmlns:xsi="http://www.w3.org/2001/XMLSchema-instance" xsi:noNamespaceSchemaLocation="urn:magento:module:Magento_Cron:etc/crontab.xsd">
    <group id="default">
        <job name="set_product_default_values" instance="Apoyar\ProductRules\Model\Cron" method="executeSlot1"><config_path>productruletab/configurable_cron/cron_expression_slot_1</config_path></job>
        <job name="set_product_default_values_slot2" instance="Apoyar\ProductRules\Model\Cron" method="execute"><config_path>productruletab/configurable_cron/cron_expression_slot_2</config_path></job>
        <job name="run_specific_cron" instance="Apoyar\ProductRules\Model\Cron" method="runRules"><config_path>productruletab/configurable_cron/specific_cron_ids</config_path></job>
    </group>
</config>
