{
    "apoyar_productrules": {
        "column": {
            "rule_id": true,
            "name": true,
            "description": true,
            "categories": true,
            "unassociate_categories": true,
            "from_date": true,
            "to_date": true,
            "is_active": true,
            "cronjob_slot": true,
            "conditions_serialized": true,
            "rules": true,
            "sort_order": true,
            "created_on": true,
            "updated_on": true,
            "is_dry_run": true,
            "product_types": true,
            "log_file": true,
            "apply_to_stores": true,
            "lastrun_duration": true,
            "lastrun_matches": true,
            "lastrun_updates": true,
            "download_log_file": true
        },
        "index": {
            "APOYAR_PRODUCTRULES_SORT_ORDER_IS_ACTIVE_TO_DATE__DATE": true
        },
        "constraint": {
            "PRIMARY": true
        }
    }
}