<?xml version="1.0"?>
<!--
/**
 * 
 * Apoyar
 *
 * DISCLAIMER
 *
 * Please do not edit or add to this file if you wish to upgrade this extension to newer
 * version in the future.
 * 
 * @category   Apoyar
 * @package    Apoyar_ProductRules
 * @copyright  Copyright (c) 2023 Apoyar (http://www.apoyar.eu/)
 */
-->
<config xmlns:xsi="http://www.w3.org/2001/XMLSchema-instance"
        xsi:noNamespaceSchemaLocation="urn:magento:framework:ObjectManager/etc/config.xsd">
    <type name="Magento\Framework\Console\CommandList">
        <arguments>
            <argument name="commands" xsi:type="array">
                <item name="set_product_default_values" xsi:type="object">Apoyar\ProductRules\Console\Rules</item>
            </argument>
        </arguments>
    </type>
    <preference for="Magento\CatalogRule\Model\Rule\Condition\Product" type="Apoyar\ProductRules\Model\Rule\Condition\Product" />
</config>

